매장명,주소
경일고등학교,부산 강서구 영강길 153-42
부산강서고등학교,부산 강서구 공항로1309번길 96-7
부산대저고등학교,부산 강서구 공항로811번가길 46
부산소프트웨어마이스터고등학교,부산 강서구 가락대로 1393
덕문고등학교,부산 강서구 동선길 172
명호고등학교,부산 강서구 명지오션시티2로 97
지진옥외대피장소 강서고등학교,부산 강서구 공항로1309번길 96-7
지진옥외대피장소 부산소프트웨어마이스터 고등학교,부산 강서구 가락대로 1393
지진옥외대피장소 경일고등학교,부산 강서구 영강길 153-42
지진옥외대피장소 덕문고등학교,부산 강서구 동선동 389
지진옥외대피장소 명호고등학교,부산 강서구 명지오션시티2로 97
지진실내구호소 덕문고등학교,부산 강서구 동선길 172
지진실내구호소 대저고등학교,부산 강서구 공항로811번가길 46
지진실내구호소 부산강서고등학교,부산 강서구 공항로1309번길 96-7
남산고등학교,부산 금정구 남산로 66
대진전자통신고등학교,부산 금정구 수림로 92
금정여자고등학교,부산 금정구 서부로76번길 21
브니엘고등학교,부산 금정구 체육공원로 154
부산예술고등학교,부산 금정구 체육공원로 20
부산과학고등학교,부산 금정구 금샘로 455-1
부산대학교 사범대학 부설고등학교,부산 금정구 기찰로22번길 30
내성고등학교,부산 금정구 서동로31번길 11
부산예원고등학교,부산 금정구 회천로13번길 60
동래여자고등학교,부산 금정구 체육공원로 20
부산정보관광고등학교,부산 금정구 동현로 37
지산고등학교,부산 금정구 오륜대로 50
금정전자고등학교,부산 금정구 서금로 75
부산경호고등학교,부산 금정구 서금로 91-5
브니엘예술고등학교,부산 금정구 체육공원로 154
브니엘여자고등학교,부산 금정구 체육공원로 154
IBK기업은행365 예원여자고등학교,부산 금정구 회천로13번길 60
지진옥외대피장소 남산고등학교,부산 금정구 남산로 66
지진실내구호소 부산대학교사범대학부설고등학교,부산 금정구 기찰로22번길 30
지진옥외대피장소 부산예술고등학교,부산 금정구 체육공원로 20
지진옥외대피장소 내성고등학교,부산 금정구 서동로31번길 11
지진실내구호소 부산과학고등학교,부산 금정구 금샘로 455-1
지진옥외대피장소 지산고등학교,부산 금정구 오륜대로 50
지진옥외대피장소 동래여자고등학교,부산 금정구 체육공원로 20
지진옥외대피장소 금정여자고등학교,부산 금정구 서부로76번길 21
지진실내구호소 남산고등학교,부산 금정구 남산로 66
지진옥외대피장소 부산정보관광고등학교,부산 금정구 동현로 37
지진옥외대피장소 부산과학고등학교,부산 금정구 금샘로 455-1
지진실내구호소 금정여자고등학교,부산 금정구 서부로76번길 21
롯데ATM BNK부산은행 부산예술고등학교,부산 금정구 구서동 67
기장고등학교,부산 기장군 기장읍 차성서로 77
부산장안고등학교,부산 기장군 장안읍 좌천리 425
정관고등학교,부산 기장군 정관읍 정관로 534
신정고등학교,부산 기장군 정관읍 정관3로 14
장안제일고등학교,부산 기장군 장안읍 좌천2길 43
지진옥외대피장소 부산장안고등학교,부산 기장군 장안읍 신좌천로 10
지진실내구호소 기장고등학교,부산 기장군 기장읍 차성서로 77
지진실내구호소 장안제일고등학교,부산 기장군 장안읍 좌천2길 43
지진옥외대피장소 정관고등학교,부산 기장군 정관읍 정관로 534
지진옥외대피장소 기장고등학교,부산 기장군 기장읍 차성서로 77
지진실내구호소 신정고등학교,부산 기장군 정관읍 정관3로 14
지진실내구호소 장안고등학교,부산 기장군 장안읍 신좌천로 10
지진옥외대피장소 신정고등학교,부산 기장군 정관읍 정관3로 14
부산고등학교,부산 동구 초량로40번길 23
경남여자고등학교,부산 동구 수정중로 29
부산컴퓨터과학고등학교,부산 동구 초량로80번길 5
금성고등학교,부산 동구 증산로 83
데레사여자고등학교,부산 동구 정공단로47번길 14
부산국제영화고등학교,부산 동구 고관로 68
경남여자고등학교 부설방송통신고등학교,부산 동구 수정중로 29
지진옥외대피장소 금성고등학교,부산 동구 증산로 83
지진옥외대피장소 부산컴퓨터과학고등학교,부산 동구 초량로80번길 5
지진옥외대피장소 경남여자고등학교,부산 동구 수정중로 29
지진옥외대피장소 부산고등학교,부산 동구 초량로40번길 23
지진실내구호소 부산고등학교,부산 동구 초량로40번길 23
부산전자공업고등학교,부산 동래구 금강로59번길 51
동래고등학교,부산 동래구 충렬대로285번길 22
동래원예고등학교,부산 동래구 금강로 43
사직고등학교,부산 동래구 쇠미로119번길 51
충렬고등학교,부산 동래구 명장로106번길 26
동인고등학교,부산 동래구 쇠미로31번길 34
부산중앙여자고등학교,부산 동래구 온천천로 131
용인고등학교,부산 동래구 시실로107번길 37
학산여자고등학교,부산 동래구 충렬사로51번길 62
금정고등학교,부산 동래구 명장로63번길 60-14
대명여자고등학교,부산 동래구 시실로 135
혜화여자고등학교,부산 동래구 명장로99번길 23
사직여자고등학교,부산 동래구 쇠미로27번길 21
동래고등학교 부설방송통신고등학교,부산 동래구 충렬대로285번길 22
지진옥외대피장소 동래원예고등학교,부산 동래구 금강로 43
지진실내구호소 동래원예고등학교,부산 동래구 금강로 43
지진옥외대피장소 대명여자고등학교,부산 동래구 시실로 135
지진실내구호소 부산중앙여자고등학교,부산 동래구 온천천로 131
지진옥외대피장소 부산전자공업고등학교,부산 동래구 금강로59번길 51
지진옥외대피장소 부산중앙여자고등학교,부산 동래구 온천천로 131
지진옥외대피장소 사직고등학교,부산 동래구 쇠미로119번길 51
지진실내구호소 부산전자공업고등학교,부산 동래구 금강로59번길 51
지진옥외대피장소 충렬고등학교,부산 동래구 명장로106번길 26
지진옥외대피장소 혜화여자고등학교,부산 동래구 명장로99번길 23
지진옥외대피장소 동인고등학교,부산 동래구 쇠미로31번길 34
지진실내구호소 충렬고등학교,부산 동래구 명장로106번길 26
지진옥외대피장소 학산여자고등학교,부산 동래구 충렬사로51번길 61
지진옥외대피장소 용인고등학교,부산 동래구 시실로107번길 37
지진옥외대피장소 금정고등학교,부산 동래구 명장로63번길 60-14
지진실내구호소 동래고등학교,부산 동래구 충렬대로285번길 22
지진옥외대피장소 동래고등학교,부산 동래구 충렬대로285번길 22
지진실내구호소 대명여자고등학교,부산 동래구 시실로 135
지진옥외대피장소 사직여자고등학교,부산 동래구 쇠미로27번길 21
금곡고등학교,부산 북구 화명신도시로 236
낙동고등학교,부산 북구 의성로47번길 23
성도고등학교,부산 북구 시랑로132번길 87
부산백양고등학교,부산 북구 백양대로1016번길 64
경혜여자고등학교,부산 북구 시랑로21번길 138
만덕고등학교,부산 북구 함박봉로140번길 98-12
화명고등학교,부산 북구 화명신도시로 169
삼정고등학교,부산 북구 시랑로118번길 53
금명여자고등학교,부산 북구 양달로 101
지진옥외대피장소 낙동고등학교,부산 북구 의성로47번길 23
지진옥외대피장소 만덕고등학교,부산 북구 함박봉로140번길 98-12
지진옥외대피장소 화명고등학교,부산 북구 화명신도시로 169
지진옥외대피장소 금명여자고등학교,부산 북구 양달로 101
지진옥외대피장소 부산백양고등학교,부산 북구 백양대로1016번길 64
지진옥외대피장소 금곡고등학교,부산 북구 화명신도시로 236
주례여자고등학교,부산 사상구 가야대로366번길 146
서부산공업고등학교,부산 사상구 백양대로768번길 115
구덕고등학교,부산 사상구 학감대로 81
사상고등학교,부산 사상구 강선로 24
대덕여자고등학교,부산 사상구 백양대로804번길 42-55
부산조리고등학교,부산 사상구 낙동대로1390번길 65
지진옥외대피장소 구덕고등학교,부산 사상구 학감대로 81
지진옥외대피장소 서부산공업고등학교,부산 사상구 백양대로768번길 115
지진옥외대피장소 부산조리고등학교,부산 사상구 낙동대로1390번길 65
지진옥외대피장소 주례여자고등학교,부산 사상구 가야대로366번길 146
지진옥외대피장소 대덕여자고등학교,부산 사상구 덕포동 산 8-41
지진옥외대피장소 사상고등학교,부산 사상구 강선로 24
삼성여자고등학교,부산 사하구 감천로43번길 45
동아고등학교,부산 사하구 괴정로244번길 63
부산일과학고등학교,부산 사하구 제석로 242
부산여자고등학교,부산 사하구 낙동대로520번길 36
부일외국어고등학교,부산 사하구 감천로73번길 36
부산자동차고등학교,부산 사하구 하신중앙로3번나길 16
대동고등학교,부산 사하구 을숙도대로709번길 27
동아공업고등학교,부산 사하구 괴정로260번길 79
부경보건고등학교,부산 사하구 두송로 53
다대고등학교,부산 사하구 다대낙조2길 199
해동고등학교,부산 사하구 사하로141번나길 11-15
건국고등학교,부산 사하구 승학로17번길 76-8
부일전자디자인고등학교,부산 사하구 감천로73번길 36
성일여자고등학교,부산 사하구 다대로 161
국제금융고등학교,부산 사하구 하신중앙로3번길 34
대광고등학교,부산 사하구 동매로 135
부경보건고등학교 병설 부경중고등학교,부산 사하구 두송로 40
지진옥외대피장소 성일여자고등학교,부산 사하구 다대로 153
공중전화 부일외국어고등학교,부산 사하구 감천로73번길 36
지진옥외대피장소 동아공업고등학교,부산 사하구 괴정로260번길 79
지진옥외대피장소 다대고등학교,부산 사하구 다대낙조2길 199
지진옥외대피장소 해동고등학교,부산 사하구 사하로141번나길 11-15
지진실내구호소 다대고등학교,부산 사하구 다대낙조2길 199
지진실내구호소 부산자동차고등학교,부산 사하구 하신중앙로3번나길 16
지진옥외대피장소 삼성여자고등학교,부산 사하구 감천로43번길 45
지진옥외대피장소 동아고등학교,부산 사하구 괴정로244번길 63
지진옥외대피장소 부산여자고등학교,부산 사하구 낙동대로520번길 36
지진옥외대피장소 부일외국어고등학교,부산 사하구 감천로73번길 36
지진옥외대피장소 건국고등학교,부산 사하구 승학로17번길 76-8
지진옥외대피장소 대동고등학교,부산 사하구 을숙도대로709번길 27
지진옥외대피장소 부산일과학고등학교,부산 사하구 제석로 242
지진옥외대피장소 부산자동차고등학교,부산 사하구 하신중앙로3번나길 16
부산서여자고등학교,부산 서구 보수대로 202-6
부경고등학교,부산 서구 망양로33번길 12
경남고등학교,부산 서구 망양로111번길 65
부산관광고등학교,부산 서구 천마로 52
경성전자고등학교,부산 서구 꽃마을로 25
공중전화 경남고등학교,부산 서구 망양로111번길 65
지진옥외대피장소 부산관광고등학교,부산 서구 천마로 52
지진옥외대피장소 부산서여자고등학교,부산 서구 보수대로 202-6
지진옥외대피장소 경남고등학교,부산 서구 망양로111번길 65
지진옥외대피장소 부경고등학교,부산 서구 망양로33번길 12
부산여자상업고등학교,부산 수영구 금련로 43
부산남일고등학교,부산 수영구 망미배산로48번길 85-23
부산동여자고등학교,부산 수영구 남천서로32번길 39
덕문여자고등학교,부산 수영구 연수로310번길 114
지진옥외대피장소 덕문여자고등학교,부산 수영구 연수로310번길 114
지진옥외대피장소 부산동여자고등학교,부산 수영구 남천서로32번길 39
지진옥외대피장소 부산남일고등학교,부산 수영구 망미배산로48번길 85-23
지진옥외대피장소 부산여자상업고등학교,부산 수영구 금련로 43
지진실내구호소 덕문여자고등학교,부산 수영구 연수로310번길 114
계성여자고등학교,부산 연제구 해맞이로109번길 47
부산외국어고등학교,부산 연제구 고분로 144
연제고등학교,부산 연제구 쌍미천로30번길 31
이사벨고등학교,부산 연제구 중앙대로 1197
지진실내구호소 연제고등학교,부산 연제구 쌍미천로30번길 31
지진옥외대피장소 연제고등학교,부산 연제구 쌍미천로30번길 31
부산체육고등학교,부산 영도구 중리북로21번길 5
부산보건고등학교,부산 영도구 절영로 163
부산해사고등학교,부산 영도구 해양로 425
부산남고등학교,부산 영도구 중리북로 5
부산영상예술고등학교,부산 영도구 영상길 100
영도여자고등학교,부산 영도구 중리북로21번길 42
광명고등학교,부산 영도구 와치로 131
지진옥외대피장소 부산체육고등학교,부산 영도구 중리북로21번길 5
지진옥외대피장소 광명고등학교,부산 영도구 와치로 131
지진옥외대피장소 영도여자고등학교,부산 영도구 중리북로21번길 42
지진옥외대피장소 부산남고등학교,부산 영도구 중리북로 5
부산기계공업고등학교,부산 해운대구 해운대로 569
해운대공업고등학교,부산 해운대구 해운대로469번길 96
센텀고등학교,부산 해운대구 해운대로 246
영산고등학교,부산 해운대구 반송순환로 142-1
해운대고등학교,부산 해운대구 우동3로11번길 43
부산문화여자고등학교,부산 해운대구 해운대로469번길 50
해강고등학교,부산 해운대구 해운대해변로 33
부흥고등학교,부산 해운대구 좌동순환로 248
해운대여자고등학교,부산 해운대구 우동1로85번길 71
양운고등학교,부산 해운대구 양운로 176
부산골프고등학교,부산 해운대구 명장로67번길 121-6
부산센텀여자고등학교,부산 해운대구 해운대로469번길 50-1
신도고등학교,부산 해운대구 좌동순환로 64
반여고등학교,부산 해운대구 반여로 136
해운대관광고등학교,부산 해운대구 우동2로60번길 38
지진옥외대피장소 양운고등학교,부산 해운대구 양운로 176
지진옥외대피장소 해운대관광고등학교,부산 해운대구 우동2로60번길 38
지진옥외대피장소 영산고등학교,부산 해운대구 반송순환로 142-1
지진실내구호소 센텀고등학교,부산 해운대구 해운대로 246
지진옥외대피장소 부흥고등학교,부산 해운대구 좌동순환로 248
지진실내구호소 신도고등학교,부산 해운대구 좌동순환로 64
지진옥외대피장소 해운대공업고등학교,부산 해운대구 해운대로469번길 96
지진옥외대피장소 부산센텀여자고등학교,부산 해운대구 해운대로469번길 50-1
지진옥외대피장소 해운대고등학교,부산 해운대구 우동3로11번길 43
지진실내구호소 해강고등학교,부산 해운대구 해운대해변로 33
지진옥외대피장소 부산문화여자고등학교,부산 해운대구 해운대로469번길 50
지진실내구호소 부산문화여자고등학교,부산 해운대구 해운대로469번길 50
지진옥외대피장소 센텀고등학교,부산 해운대구 해운대로 246
지진옥외대피장소 해운대여자고등학교,부산 해운대구 우동1로85번길 71
롯데ATM BNK부산은행 해운대고등학교,부산 해운대구 우동 278-3
지진옥외대피장소 해강고등학교,부산 해운대구 해운대해변로 17
지진옥외대피장소 신도고등학교,부산 해운대구 좌동순환로 64
지진옥외대피장소 반여고등학교,부산 해운대구 반여로 136
지진실내구호소 반여고등학교,부산 해운대구 반여로 136
동주여자고등학교,부산 중구 광복중앙로 18
남성여자고등학교,부산 중구 샘길 14
부산디지털고등학교,부산 중구 망양로 356
혜광고등학교,부산 중구 망양로259번길 5
지진옥외대피장소 남성여자고등학교,부산 중구 동광길 61-2
지진옥외대피장소 부산디지털고등학교,부산 중구 망양로 356
지진옥외대피장소 혜광고등학교,부산 중구 망양로259번길 5
지진실내구호소 부산디지털고등학교,부산 중구 망양로 356
