매장명,주소
가야고등학교,부산 부산진구 엄광로 152
개금고등학교,부산 부산진구 백양대로208번길 71
개성고등학교,부산 부산진구 당감서로 137
건국고등학교,부산 사하구 승학로17번길 76-8
경남고등학교,부산 서구 망양로111번길 65
경남공업고등학교,부산 부산진구 전포대로175번길 22
경남여자고등학교,부산 동구 수정중로 29
경남여자고등학교 부설방송통신고등학교,부산 동구 수정중로 29
경성전자고등학교,부산 서구 꽃마을로 25
경원고등학교,부산 부산진구 백양관문로 40
경일고등학교,부산 강서구 영강길 153-42
경혜여자고등학교,부산 북구 시랑로21번길 138
계성여자고등학교,부산 연제구 해맞이로109번길 47
광명고등학교,부산 영도구 와치로 131
구덕고등학교,부산 사상구 학감대로 81
국제금융고등학교,부산 사하구 하신중앙로3번길 34
금곡고등학교,부산 북구 화명신도시로 236
금명여자고등학교,부산 북구 양달로 101
금성고등학교,부산 동구 증산로 83
금정고등학교,부산 동래구 명장로63번길 60-14
금정여자고등학교,부산 금정구 서부로76번길 21
금정전자고등학교,부산 금정구 서금로 75
기장고등학교,부산 기장군 기장읍 차성서로 77
낙동고등학교,부산 북구 의성로47번길 23
남산고등학교,부산 금정구 남산로 66
남성여자고등학교,부산 중구 샘길 14
내성고등학교,부산 금정구 서동로31번길 11
다대고등학교,부산 사하구 다대낙조2길 199
대광고등학교,부산 사하구 동매로 135
대덕여자고등학교,부산 사상구 백양대로804번길 42-55
대동고등학교,부산 사하구 을숙도대로709번길 27
대명여자고등학교,부산 동래구 시실로 135
대양고등학교,부산 남구 지게골로 128-27
대연고등학교,부산 남구 조각공원로 20
대진전자통신고등학교,부산 금정구 수림로 92
덕문고등학교,부산 강서구 동선길 172
덕문여자고등학교,부산 수영구 연수로310번길 114
데레사여자고등학교,부산 동구 정공단로47번길 14
동래고등학교,부산 동래구 충렬대로285번길 22
동래고등학교 부설방송통신고등학교,부산 동래구 충렬대로285번길 22
동래여자고등학교,부산 금정구 체육공원로 20
동래원예고등학교,부산 동래구 금강로 43
동명공업고등학교,부산 남구 신선로 410
동아고등학교,부산 사하구 괴정로244번길 63
동아공업고등학교,부산 사하구 괴정로260번길 79
동의공업고등학교,부산 부산진구 양지로 50
동인고등학교,부산 동래구 쇠미로31번길 34
동주여자고등학교,부산 중구 광복중앙로 18
동천고등학교,부산 남구 못골번영로 105
롯데ATM BNK부산은행 마케팅고등학교,부산 부산진구 전포동 487
만덕고등학교,부산 북구 함박봉로140번길 98-12
명호고등학교,부산 강서구 명지오션시티2로 97
문현여자고등학교,부산 남구 고동골로 86-41
반여고등학교,부산 해운대구 반여로 136
배정고등학교,부산 남구 장고개로85번길 14-16
배정미래고등학교,부산 남구 장고개로85번길 14-40
부경고등학교,부산 서구 망양로33번길 12
부경보건고등학교,부산 사하구 두송로 53
부경보건고등학교 병설 부경중고등학교,부산 사하구 두송로 40
부산강서고등학교,부산 강서구 공항로1309번길 96-7
부산경호고등학교,부산 금정구 서금로 91-5
부산고등학교,부산 동구 초량로40번길 23
부산골프고등학교,부산 해운대구 명장로67번길 121-6
부산공업고등학교,부산 남구 수영로196번길 80
부산과학고등학교,부산 금정구 금샘로 455-1
부산관광고등학교,부산 서구 천마로 52
부산국제고등학교,부산 부산진구 백양관문로 105-70
부산국제영화고등학교,부산 동구 고관로 68
부산기계공업고등학교,부산 해운대구 해운대로 569
부산남고등학교,부산 영도구 중리북로 5
부산남일고등학교,부산 수영구 망미배산로48번길 85-23
부산대저고등학교,부산 강서구 공항로811번가길 46
부산대학교 사범대학 부설고등학교,부산 금정구 기찰로22번길 30
부산동고등학교,부산 부산진구 동성로30번길 36
부산동성고등학교,부산 부산진구 동성로 16
부산동여자고등학교,부산 수영구 남천서로32번길 39
부산디지털고등학교,부산 중구 망양로 356
부산마케팅고등학교,부산 부산진구 봉수로 13
부산문화여자고등학교,부산 해운대구 해운대로469번길 50
부산미용고등학교,부산 부산진구 백양순환로119번길 62
부산백양고등학교,부산 북구 백양대로1016번길 64
부산보건고등학교,부산 영도구 절영로 163
부산서여자고등학교,부산 서구 보수대로 202-6
부산센텀여자고등학교,부산 해운대구 해운대로469번길 50-1
부산소프트웨어마이스터고등학교,부산 강서구 가락대로 1393
부산양정고등학교,부산 부산진구 양정로 46
부산여자고등학교,부산 사하구 낙동대로520번길 36
부산여자상업고등학교,부산 수영구 금련로 43
부산영상예술고등학교,부산 영도구 영상길 100
부산예술고등학교,부산 금정구 체육공원로 20
부산예원고등학교,부산 금정구 회천로13번길 60
부산외국어고등학교,부산 연제구 고분로 144
부산일과학고등학교,부산 사하구 제석로 242
부산자동차고등학교,부산 사하구 하신중앙로3번나길 16
부산장안고등학교,부산 기장군 장안읍 좌천리 425
부산전자공업고등학교,부산 동래구 금강로59번길 51
부산정보고등학교,부산 부산진구 화지로 24
부산정보관광고등학교,부산 금정구 동현로 37
부산조리고등학교,부산 사상구 낙동대로1390번길 65
부산중앙고등학교,부산 남구 진남로127번길 50
부산중앙여자고등학교,부산 동래구 온천천로 131
부산진고등학교,부산 부산진구 성지로94번길 54
부산진여자고등학교,부산 부산진구 양정로 48
부산진여자상업고등학교,부산 부산진구 진남로 524
부산체육고등학교,부산 영도구 중리북로21번길 5
부산컴퓨터과학고등학교,부산 동구 초량로80번길 5
부산해사고등학교,부산 영도구 해양로 425
부일외국어고등학교,부산 사하구 감천로73번길 36
부일전자디자인고등학교,부산 사하구 감천로73번길 36
부흥고등학교,부산 해운대구 좌동순환로 248
분포고등학교,부산 남구 분포로 57
브니엘고등학교,부산 금정구 체육공원로 154
브니엘여자고등학교,부산 금정구 체육공원로 154
브니엘예술고등학교,부산 금정구 체육공원로 154
사상고등학교,부산 사상구 강선로 24
사직고등학교,부산 동래구 쇠미로119번길 51
사직여자고등학교,부산 동래구 쇠미로27번길 21
삼성여자고등학교,부산 사하구 감천로43번길 45
삼정고등학교,부산 북구 시랑로118번길 53
서부산공업고등학교,부산 사상구 백양대로768번길 115
성도고등학교,부산 북구 시랑로132번길 87
성모여자고등학교,부산 부산진구 양지로 29-1
성일여자고등학교,부산 사하구 다대로 161
성지고등학교,부산 남구 유엔로 39
세연고등학교,부산 남구 진남로 82-19
세정고등학교,부산 부산진구 양정로 88-12
센텀고등학교,부산 해운대구 해운대로 246
신도고등학교,부산 해운대구 좌동순환로 64
신정고등학교,부산 기장군 정관읍 정관3로 14
양운고등학교,부산 해운대구 양운로 176
연제고등학교,부산 연제구 쌍미천로30번길 31
영도여자고등학교,부산 영도구 중리북로21번길 42
영산고등학교,부산 해운대구 반송순환로 142-1
예문여자고등학교,부산 남구 동명로92번길 76
용인고등학교,부산 동래구 시실로107번길 37
이사벨고등학교,부산 연제구 중앙대로 1197
장안제일고등학교,부산 기장군 장안읍 좌천2길 43
정관고등학교,부산 기장군 정관읍 정관로 534
주례여자고등학교,부산 사상구 가야대로366번길 146
지산고등학교,부산 금정구 오륜대로 50
충렬고등학교,부산 동래구 명장로106번길 26
학산여자고등학교,부산 동래구 충렬사로51번길 62
한국조형예술고등학교,부산 남구 동명로169번길 38
한얼고등학교,부산 남구 고동골로69번가길 54
해강고등학교,부산 해운대구 해운대해변로 33
해동고등학교,부산 사하구 사하로141번나길 11-15
해운대고등학교,부산 해운대구 우동3로11번길 43
해운대공업고등학교,부산 해운대구 해운대로469번길 96
해운대관광고등학교,부산 해운대구 우동2로60번길 38
해운대여자고등학교,부산 해운대구 우동1로85번길 71
혜광고등학교,부산 중구 망양로259번길 5
혜화여자고등학교,부산 동래구 명장로99번길 23
화명고등학교,부산 북구 화명신도시로 169
예원여자고등학교,부산 금정구 회천로13번길 60
